{"cameraMode":{"drawMode":0,"name":"Shaded","section":"Shading Mode"},"sceneLighting":true,"audioPlay":false,"sceneViewState":{"m_AlwaysRefresh":false,"showFog":true,"showSkybox":true,"showFlares":true,"showImageEffects":true,"showParticleSystems":true,"showVisualEffectGraphs":true,"m_FxEnabled":true},"in2DMode":false,"pivot":{"x":-11.728439331054688,"y":-19.803203582763673,"z":39.284393310546878},"rotation":{"x":0.08718258887529373,"y":-0.01911534182727337,"z":0.0016899837646633387,"w":0.9960224628448486},"size":153.5331268310547,"orthographic":false}